,PC1,PC2,Type
S_550.L1S1.s.1.sequence,-0.160900389,0.001063689,Individual II_Gut
S_550.L1S2.s.1.sequence,-0.313335029,-0.043943631,Individual II_Gut
S_550.L1S3.s.1.sequence,-0.32274726,-0.044779421,Individual II_Gut
S_550.L1S4.s.1.sequence,-0.3648424,-0.057756568,Individual II_Gut
S_550.L1S5.s.1.sequence,-0.281600477,-0.034317403,Individual II_Gut
S_550.L1S6.s.1.sequence,-0.307280771,-0.057496781,Individual II_Gut
S_550.L1S7.s.1.sequence,-0.34451524,-0.041272005,Individual II_Gut
S_550.L1S8.s.1.sequence,-0.425978677,-0.094283557,Individual II_Gut
S_550.L1S9.s.1.sequence,-0.447736902,-0.118172927,Individual II_Gut
S_550.L1S10.s.1.sequence,-0.417941951,-0.090869113,Individual II_Gut
S_550.L1S11.s.1.sequence,-0.441000785,-0.114831827,Individual II_Gut
S_550.L1S12.s.1.sequence,-0.432150762,-0.118428116,Individual II_Gut
S_550.L1S13.s.1.sequence,-0.435809732,-0.114610576,Individual II_Gut
S_550.L1S14.s.1.sequence,-0.407768223,-0.094933812,Individual II_Gut
S_550.L1S15.s.1.sequence,-0.417669662,-0.113772158,Individual II_Gut
S_550.L1S16.s.1.sequence,-0.424315223,-0.112587691,Individual II_Gut
S_550.L1S17.s.1.sequence,-0.392785956,-0.073123557,Individual II_Gut
S_550.L1S18.s.1.sequence,-0.419365781,-0.093859291,Individual II_Gut
S_550.L1S19.s.1.sequence,-0.432647448,-0.115779754,Individual II_Gut
S_550.L1S20.s.1.sequence,-0.417136687,-0.107509596,Individual II_Gut
S_550.L1S21.s.1.sequence,-0.441516899,-0.123008308,Individual II_Gut
S_550.L1S22.s.1.sequence,-0.426078322,-0.116303166,Individual II_Gut
S_550.L1S23.s.1.sequence,-0.384282918,-0.085238803,Individual II_Gut
S_550.L1S24.s.1.sequence,-0.397740352,-0.095312889,Individual II_Gut
S_550.L1S25.s.1.sequence,-0.428937264,-0.117017211,Individual II_Gut
S_550.L1S26.s.1.sequence,-0.321887667,-0.050810392,Individual II_Gut
S_550.L1S27.s.1.sequence,-0.436110087,-0.131473273,Individual II_Gut
S_550.L1S28.s.1.sequence,-0.446382071,-0.131150998,Individual II_Gut
S_550.L1S29.s.1.sequence,-0.42656776,-0.121854994,Individual II_Gut
S_550.L1S30.s.1.sequence,-0.442321736,-0.124404525,Individual II_Gut
S_550.L1S31.s.1.sequence,-0.388364804,-0.077480301,Individual II_Gut
S_550.L1S32.s.1.sequence,-0.424616099,-0.107111384,Individual II_Gut
S_550.L1S33.s.1.sequence,-0.43212427,-0.119394156,Individual II_Gut
S_550.L1S34.s.1.sequence,-0.41832025,-0.11420288,Individual II_Gut
S_550.L1S35.s.1.sequence,-0.383490873,-0.079546607,Individual II_Gut
S_550.L1S36.s.1.sequence,-0.285507774,-0.034628439,Individual II_Gut
S_550.L1S37.s.1.sequence,-0.32116304,-0.06798006,Individual II_Gut
S_550.L1S38.s.1.sequence,-0.231047838,-0.026981691,Individual II_Gut
S_550.L1S39.s.1.sequence,-0.273412104,-0.023021367,Individual II_Gut
S_550.L1S40.s.1.sequence,-0.359625355,-0.066904904,Individual II_Gut
S_550.L1S41.s.1.sequence,-0.376794422,-0.074987551,Individual II_Gut
S_550.L1S42.s.1.sequence,-0.336243084,-0.036110234,Individual II_Gut
S_550.L1S43.s.1.sequence,-0.372594066,-0.100130636,Individual II_Gut
S_550.L1S44.s.1.sequence,-0.249761222,-0.065924943,Individual II_Gut
S_550.L1S45.s.1.sequence,-0.348712966,-0.068221294,Individual II_Gut
S_550.L1S46.s.1.sequence,-0.328070292,-0.076219785,Individual II_Gut
S_550.L1S47.s.1.sequence,-0.383457764,-0.090039934,Individual II_Gut
S_550.L1S48.s.1.sequence,-0.306620638,-0.081036122,Individual II_Gut
S_550.L1S49.s.1.sequence,-0.35524266,-0.087793837,Individual II_Gut
S_550.L1S50.s.1.sequence,-0.420870009,-0.11091794,Individual II_Gut
S_550.L1S51.s.1.sequence,-0.417476224,-0.11379991,Individual II_Gut
S_550.L1S52.s.1.sequence,-0.324612575,-0.054285731,Individual II_Gut
S_550.L1S53.s.1.sequence,-0.410314702,-0.103749053,Individual II_Gut
S_550.L1S54.s.1.sequence,-0.395773355,-0.112659371,Individual II_Gut
S_550.L1S55.s.1.sequence,-0.373881818,-0.083663051,Individual II_Gut
S_550.L1S56.s.1.sequence,-0.389346,-0.100832165,Individual II_Gut
S_550.L1S57.s.1.sequence,-0.365816643,-0.082955566,Individual II_Gut
S_550.L1S58.s.1.sequence,-0.356465249,-0.084963667,Individual II_Gut
S_550.L1S59.s.1.sequence,-0.368204957,-0.083889199,Individual II_Gut
S_550.L1S60.s.1.sequence,-0.354165725,-0.080632219,Individual II_Gut
S_550.L1S61.s.1.sequence,-0.288625451,-0.086990708,Individual II_Gut
S_550.L1S62.s.1.sequence,-0.42596392,-0.117083046,Individual II_Gut
S_550.L1S63.s.1.sequence,-0.357301514,-0.07996767,Individual II_Gut
S_550.L1S64.s.1.sequence,-0.40292371,-0.114518575,Individual II_Gut
S_550.L1S65.s.1.sequence,-0.403064585,-0.103709156,Individual II_Gut
S_550.L1S66.s.1.sequence,-0.406986519,-0.110419393,Individual II_Gut
S_550.L1S67.s.1.sequence,-0.425373158,-0.119161313,Individual II_Gut
S_550.L1S68.s.1.sequence,-0.412112543,-0.11104945,Individual II_Gut
S_550.L1S69.s.1.sequence,-0.416500358,-0.122244351,Individual II_Gut
S_550.L1S70.s.1.sequence,-0.44334381,-0.135289963,Individual II_Gut
S_550.L1S71.s.1.sequence,-0.410593245,-0.117043326,Individual II_Gut
S_550.L1S72.s.1.sequence,-0.403388255,-0.107268007,Individual II_Gut
S_550.L1S73.s.1.sequence,-0.435269588,-0.114237204,Individual II_Gut
S_550.L1S74.s.1.sequence,-0.441099109,-0.131943036,Individual II_Gut
S_550.L1S75.s.1.sequence,-0.39036897,-0.116569153,Individual II_Gut
S_550.L1S76.s.1.sequence,-0.385105646,-0.107961899,Individual II_Gut
S_550.L1S77.s.1.sequence,-0.411495234,-0.122523331,Individual II_Gut
S_550.L1S78.s.1.sequence,-0.414679637,-0.118336789,Individual II_Gut
S_550.L1S79.s.1.sequence,-0.364103236,-0.091028914,Individual II_Gut
S_550.L1S80.s.1.sequence,-0.408426342,-0.110983821,Individual II_Gut
S_550.L1S81.s.1.sequence,-0.392347751,-0.081536025,Individual II_Gut
S_550.L1S82.s.1.sequence,-0.324989724,-0.074841723,Individual II_Gut
S_550.L1S83.s.1.sequence,-0.344090122,-0.089326248,Individual II_Gut
S_550.L1S84.s.1.sequence,-0.32815784,-0.064732085,Individual II_Gut
S_550.L1S85.s.1.sequence,-0.407066807,-0.111175453,Individual II_Gut
S_550.L1S86.s.1.sequence,-0.432559389,-0.128606325,Individual II_Gut
S_550.L1S87.s.1.sequence,-0.388572933,-0.1142527,Individual II_Gut
S_550.L1S88.s.1.sequence,-0.424107417,-0.130767974,Individual II_Gut
S_550.L1S89.s.1.sequence,-0.432667517,-0.130199482,Individual II_Gut
S_550.L1S90.s.1.sequence,-0.336655027,-0.089278062,Individual II_Gut
S_550.L1S91.s.1.sequence,-0.426813672,-0.116248536,Individual II_Gut
S_550.L1S92.s.1.sequence,-0.404638209,-0.117389702,Individual II_Gut
S_550.L1S93.s.1.sequence,-0.411769574,-0.114353791,Individual II_Gut
S_550.L1S94.s.1.sequence,-0.383832733,-0.113304891,Individual II_Gut
S_550.L1S95.s.1.sequence,-0.393225734,-0.104507225,Individual II_Gut
S_550.L1S97.s.1.sequence,-0.371231931,-0.065382547,Individual II_Gut
S_550.L1S98.s.1.sequence,-0.374890669,-0.094690997,Individual II_Gut
S_550.L1S99.s.1.sequence,-0.391443625,-0.094318303,Individual II_Gut
S_550.L1S100.s.1.sequence,-0.425406185,-0.121642894,Individual II_Gut
S_550.L1S101.s.1.sequence,-0.400126045,-0.106695836,Individual II_Gut
S_550.L1S102.s.1.sequence,-0.268761346,-0.067549147,Individual II_Gut
S_550.L1S103.s.1.sequence,-0.346594848,-0.097164914,Individual II_Gut
S_550.L1S104.s.1.sequence,-0.362303268,-0.106220673,Individual II_Gut
S_550.L1S105.s.1.sequence,-0.380021902,-0.105253905,Individual II_Gut
S_550.L1S106.s.1.sequence,-0.365034778,-0.101739116,Individual II_Gut
S_550.L1S107.s.1.sequence,-0.30443298,-0.082368523,Individual II_Gut
S_550.L1S108.s.1.sequence,-0.375074677,-0.101410279,Individual II_Gut
S_550.L1S109.s.1.sequence,-0.40110365,-0.11910433,Individual II_Gut
S_550.L1S110.s.1.sequence,-0.243169902,-0.090752843,Individual II_Gut
S_550.L1S111.s.1.sequence,-0.382110705,-0.10175674,Individual II_Gut
S_550.L1S112.s.1.sequence,-0.360536059,-0.094246282,Individual II_Gut
S_550.L1S113.s.1.sequence,-0.34535371,-0.089554665,Individual II_Gut
S_550.L1S114.s.1.sequence,-0.373647684,-0.094423247,Individual II_Gut
S_550.L1S115.s.1.sequence,-0.357052393,-0.099478754,Individual II_Gut
S_550.L1S116.s.1.sequence,-0.356364866,-0.099531392,Individual II_Gut
S_550.L1S117.s.1.sequence,-0.383297845,-0.10596727,Individual II_Gut
S_550.L1S118.s.1.sequence,-0.349824859,-0.102717729,Individual II_Gut
S_550.L1S119.s.1.sequence,-0.371971613,-0.0957739,Individual II_Gut
S_550.L1S120.s.1.sequence,-0.426655843,-0.122348677,Individual II_Gut
S_550.L1S121.s.1.sequence,-0.379786618,-0.101845176,Individual II_Gut
S_550.L1S122.s.1.sequence,-0.374835604,-0.10834534,Individual II_Gut
S_550.L1S123.s.1.sequence,-0.24757593,-0.084152731,Individual II_Gut
S_550.L1S124.s.1.sequence,-0.366935757,-0.085496137,Individual II_Gut
S_550.L1S125.s.1.sequence,-0.332514314,-0.089182034,Individual II_Gut
S_550.L1S126.s.1.sequence,-0.426214154,-0.12792504,Individual II_Gut
S_550.L1S127.s.1.sequence,-0.422883413,-0.120318548,Individual II_Gut
S_550.L1S128.s.1.sequence,-0.284410742,-0.078420958,Individual II_Gut
S_550.L1S129.s.1.sequence,-0.38233854,-0.109374155,Individual II_Gut
S_550.L1S130.s.1.sequence,-0.414349906,-0.116159587,Individual II_Gut
S_550.L1S131.s.1.sequence,-0.418658538,-0.121409646,Individual II_Gut
S_550.L1S132.s.1.sequence,-0.412163572,-0.122951505,Individual II_Gut
S_550.L5S97.s.5.sequence,-0.165106254,0.25045278,Individual II_Oral
S_550.L5S98.s.5.sequence,-0.155636169,0.225506471,Individual II_Oral
S_550.L5S99.s.5.sequence,-0.119534102,0.249268506,Individual II_Oral
S_550.L5S100.s.5.sequence,-0.154942686,0.224994421,Individual II_Oral
S_550.L5S101.s.5.sequence,-0.11048528,0.26258234,Individual II_Oral
S_550.L5S102.s.5.sequence,-0.159535812,0.235549583,Individual II_Oral
S_550.L5S103.s.5.sequence,0.000757847,0.240008789,Individual II_Oral
S_550.L5S104.s.5.sequence,0.086092491,0.190421265,Individual II_Oral
S_550.L5S105.s.5.sequence,-0.118871454,0.264978306,Individual II_Oral
S_550.L5S106.s.5.sequence,0.059102615,0.198344725,Individual II_Oral
S_550.L5S107.s.5.sequence,-0.067274497,0.245180923,Individual II_Oral
S_550.L5S108.s.5.sequence,-0.176181729,0.23713717,Individual II_Oral
S_550.L5S109.s.5.sequence,-0.221658808,0.190143248,Individual II_Oral
S_550.L5S110.s.5.sequence,-0.025579474,0.248884132,Individual II_Oral
S_550.L5S111.s.5.sequence,-0.09823021,0.274286345,Individual II_Oral
S_550.L5S112.s.5.sequence,-0.061935103,0.280830942,Individual II_Oral
S_550.L5S113.s.5.sequence,-0.014831327,0.254845494,Individual II_Oral
S_550.L5S114.s.5.sequence,-0.194976527,0.208962421,Individual II_Oral
S_550.L5S115.s.5.sequence,-0.183393508,0.223236841,Individual II_Oral
S_550.L5S116.s.5.sequence,-0.18325478,0.233925828,Individual II_Oral
S_550.L5S117.s.5.sequence,-0.119441093,0.260679698,Individual II_Oral
S_550.L5S118.s.5.sequence,-0.009924379,0.219926159,Individual II_Oral
S_550.L5S119.s.5.sequence,-0.099706251,0.249965695,Individual II_Oral
S_550.L5S120.s.5.sequence,-0.083950308,0.246447769,Individual II_Oral
S_550.L5S121.s.5.sequence,-0.109276011,0.244538883,Individual II_Oral
S_550.L5S122.s.5.sequence,-0.013937627,0.260676224,Individual II_Oral
S_550.L5S123.s.5.sequence,0.050712281,0.238647549,Individual II_Oral
S_550.L5S124.s.5.sequence,-0.097027208,0.273672958,Individual II_Oral
S_550.L5S125.s.5.sequence,-0.074221886,0.275202811,Individual II_Oral
S_550.L5S126.s.5.sequence,-0.047135703,0.253190951,Individual II_Oral
S_550.L5S127.s.5.sequence,-0.041871825,0.25921076,Individual II_Oral
S_550.L5S128.s.5.sequence,-0.125448156,0.2624155,Individual II_Oral
S_550.L5S129.s.5.sequence,-0.173387117,0.242987104,Individual II_Oral
S_550.L5S130.s.5.sequence,0.07087204,0.227267064,Individual II_Oral
S_550.L5S131.s.5.sequence,0.04019845,0.249125355,Individual II_Oral
S_550.L5S132.s.5.sequence,0.045795155,0.211887849,Individual II_Oral
S_550.L5S133.s.5.sequence,0.020116148,0.17964177,Individual II_Oral
S_550.L5S134.s.5.sequence,0.053429404,0.231496618,Individual II_Oral
S_550.L5S135.s.5.sequence,-0.141197674,0.227831368,Individual II_Oral
S_550.L5S136.s.5.sequence,0.056733863,0.217318381,Individual II_Oral
S_550.L5S137.s.5.sequence,-0.019540274,0.23919832,Individual II_Oral
S_550.L5S138.s.5.sequence,-0.106389899,0.234922649,Individual II_Oral
S_550.L5S139.s.5.sequence,-0.064399936,0.242773981,Individual II_Oral
S_550.L5S140.s.5.sequence,0.061668979,0.244377383,Individual II_Oral
S_550.L5S141.s.5.sequence,-0.05723917,0.249442898,Individual II_Oral
S_550.L5S142.s.5.sequence,0.063958485,0.233452078,Individual II_Oral
S_550.L5S143.s.5.sequence,-0.134707244,0.244924966,Individual II_Oral
S_550.L5S144.s.5.sequence,-0.039439101,0.208007953,Individual II_Oral
S_550.L5S145.s.5.sequence,-0.043241851,0.234964445,Individual II_Oral
S_550.L5S146.s.5.sequence,0.053862448,0.191954518,Individual II_Oral
S_550.L5S147.s.5.sequence,-0.163113724,0.23441884,Individual II_Oral
S_550.L5S148.s.5.sequence,-0.125061862,0.26477966,Individual II_Oral
S_550.L5S149.s.5.sequence,-0.035035691,0.260652345,Individual II_Oral
S_550.L5S150.s.5.sequence,0.038360183,0.24539398,Individual II_Oral
S_550.L5S151.s.5.sequence,0.046900166,0.248803043,Individual II_Oral
S_550.L5S152.s.5.sequence,0.071469276,0.225698262,Individual II_Oral
S_550.L5S153.s.5.sequence,0.067090901,0.221388194,Individual II_Oral
S_550.L5S154.s.5.sequence,0.07127604,0.217310503,Individual II_Oral
S_550.L5S155.s.5.sequence,0.069706432,0.217157318,Individual II_Oral
S_550.L5S156.s.5.sequence,0.050867242,0.220750439,Individual II_Oral
S_550.L5S157.s.5.sequence,-0.053379981,0.257882398,Individual II_Oral
S_550.L5S158.s.5.sequence,-0.045698456,0.244200221,Individual II_Oral
S_550.L5S159.s.5.sequence,0.014822182,0.238381889,Individual II_Oral
S_550.L5S160.s.5.sequence,-0.201290351,0.20976201,Individual II_Oral
S_550.L5S161.s.5.sequence,-0.00858571,0.277017021,Individual II_Oral
S_550.L5S162.s.5.sequence,0.016691124,0.261776711,Individual II_Oral
S_550.L5S163.s.5.sequence,-0.052654594,0.266399575,Individual II_Oral
S_550.L5S164.s.5.sequence,0.051514466,0.245716661,Individual II_Oral
S_550.L5S165.s.5.sequence,0.047548143,0.230491001,Individual II_Oral
S_550.L5S166.s.5.sequence,0.076019385,0.196819401,Individual II_Oral
S_550.L5S167.s.5.sequence,-0.125219854,0.267901658,Individual II_Oral
S_550.L5S168.s.5.sequence,-0.054757036,0.281405504,Individual II_Oral
S_550.L5S169.s.5.sequence,-0.020878338,0.287821045,Individual II_Oral
S_550.L5S170.s.5.sequence,-0.075132835,0.216241141,Individual II_Oral
S_550.L5S171.s.5.sequence,0.152020219,0.06741961,Individual II_Oral
S_550.L5S172.s.5.sequence,-0.1206327,0.240700158,Individual II_Oral
S_550.L5S173.s.5.sequence,-0.068930528,0.248930988,Individual II_Oral
S_550.L5S174.s.5.sequence,-0.169329356,0.24126758,Individual II_Oral
S_550.L5S175.s.5.sequence,0.012870063,0.26981774,Individual II_Oral
S_550.L5S176.s.5.sequence,0.114592002,0.199835577,Individual II_Oral
S_550.L5S177.s.5.sequence,0.046637615,0.253577152,Individual II_Oral
S_550.L5S178.s.5.sequence,0.096811491,0.2020907,Individual II_Oral
S_550.L5S179.s.5.sequence,0.011912305,0.267180024,Individual II_Oral
S_550.L5S180.s.5.sequence,0.015807996,0.259548305,Individual II_Oral
S_550.L5S181.s.5.sequence,0.027368556,0.243213549,Individual II_Oral
S_550.L5S182.s.5.sequence,0.043000872,0.244453459,Individual II_Oral
S_550.L5S183.s.5.sequence,-0.004844555,0.250375414,Individual II_Oral
S_550.L5S184.s.5.sequence,0.14230974,0.090394976,Individual II_Oral
S_550.L5S185.s.5.sequence,-0.012484294,0.274547321,Individual II_Oral
S_550.L5S186.s.5.sequence,0.030460263,0.259620482,Individual II_Oral
S_550.L5S187.s.5.sequence,0.108537486,0.188307157,Individual II_Oral
S_550.L5S188.s.5.sequence,-0.001840151,0.267211696,Individual II_Oral
S_550.L5S189.s.5.sequence,0.049336702,0.232396356,Individual II_Oral
S_550.L5S190.s.5.sequence,-0.102149754,0.269102967,Individual II_Oral
S_550.L5S191.s.5.sequence,-0.059468045,0.277464016,Individual II_Oral
S_550.L5S193.s.5.sequence,-0.041805767,0.279028801,Individual II_Oral
S_550.L5S194.s.5.sequence,0.000587459,0.268076215,Individual II_Oral
S_550.L5S195.s.5.sequence,0.036769981,0.251772265,Individual II_Oral
S_550.L5S196.s.5.sequence,0.053375709,0.241085674,Individual II_Oral
S_550.L5S197.s.5.sequence,0.029996005,0.263255143,Individual II_Oral
S_550.L5S198.s.5.sequence,-0.059324761,0.28646283,Individual II_Oral
S_550.L5S199.s.5.sequence,0.099798949,0.178162797,Individual II_Oral
S_550.L5S200.s.5.sequence,0.028394968,0.244971619,Individual II_Oral
S_550.L5S201.s.5.sequence,0.029229087,0.245613039,Individual II_Oral
S_550.L5S202.s.5.sequence,0.012550296,0.274713125,Individual II_Oral
S_550.L5S203.s.5.sequence,0.07514558,0.239122015,Individual II_Oral
S_550.L5S204.s.5.sequence,0.151788525,0.127716839,Individual II_Oral
S_550.L5S205.s.5.sequence,0.113313801,0.182726648,Individual II_Oral
S_550.L5S206.s.5.sequence,0.072739251,0.165991648,Individual II_Oral
S_550.L5S207.s.5.sequence,0.057738487,0.198128076,Individual II_Oral
S_550.L5S208.s.5.sequence,-0.017375718,0.205587829,Individual II_Oral
S_550.L5S209.s.5.sequence,0.062346098,0.235264817,Individual II_Oral
S_550.L5S210.s.5.sequence,0.03380011,0.251471355,Individual II_Oral
S_550.L5S211.s.5.sequence,0.018551472,0.229130827,Individual II_Oral
S_550.L5S212.s.5.sequence,0.097910742,0.209104387,Individual II_Oral
S_550.L5S213.s.5.sequence,0.022452798,0.23155799,Individual II_Oral
S_550.L5S214.s.5.sequence,-0.029198776,0.233251086,Individual II_Oral
S_550.L5S215.s.5.sequence,0.046046974,0.224667796,Individual II_Oral
S_550.L5S216.s.5.sequence,0.115934962,0.157797657,Individual II_Oral
S_550.L5S217.s.5.sequence,-0.047073325,0.270015622,Individual II_Oral
S_550.L5S218.s.5.sequence,-0.104365675,0.215050852,Individual II_Oral
S_550.L5S219.s.5.sequence,0.002761267,0.237457469,Individual II_Oral
S_550.L5S220.s.5.sequence,-0.073586326,0.269056042,Individual II_Oral
S_550.L5S221.s.5.sequence,-0.043977277,0.261179386,Individual II_Oral
S_550.L5S222.s.5.sequence,-0.038027437,0.256854267,Individual II_Oral
S_550.L5S223.s.5.sequence,0.016690473,0.259272718,Individual II_Oral
S_550.L5S224.s.5.sequence,-0.034277067,0.252508462,Individual II_Oral
S_550.L5S225.s.5.sequence,-0.023125643,0.265148516,Individual II_Oral
S_550.L5S226.s.5.sequence,0.012319665,0.194974201,Individual II_Oral
S_550.L5S227.s.5.sequence,-0.061272527,0.257730069,Individual II_Oral
S_550.L5S228.s.5.sequence,-0.056100439,0.279810389,Individual II_Oral
S_550.L5S229.s.5.sequence,-0.01956755,0.265229269,Individual II_Oral
S_550.L5S230.s.5.sequence,-0.089958271,0.273947162,Individual II_Oral
S_550.L5S231.s.5.sequence,-0.003439727,0.219861495,Individual II_Oral
S_550.L5S232.s.5.sequence,-0.011908793,0.24749711,Individual II_Oral
S_550.L2S97.s.2.sequence,0.144641288,0.050990883,Individual II_Skin
S_550.L2S98.s.2.sequence,0.17617044,-0.014288867,Individual II_Skin
S_550.L2S99.s.2.sequence,0.193881259,-0.033156285,Individual II_Skin
S_550.L2S100.s.2.sequence,0.196015818,-0.0398373,Individual II_Skin
S_550.L2S101.s.2.sequence,0.2114765,-0.119180825,Individual II_Skin
S_550.L2S102.s.2.sequence,0.223229177,-0.112292938,Individual II_Skin
S_550.L2S103.s.2.sequence,0.204920556,-0.093237009,Individual II_Skin
S_550.L2S104.s.2.sequence,0.065146591,0.210546802,Individual II_Skin
S_550.L2S105.s.2.sequence,0.19792013,-0.040317871,Individual II_Skin
S_550.L2S106.s.2.sequence,0.208256937,-0.065214321,Individual II_Skin
S_550.L2S107.s.2.sequence,0.218736996,-0.067516266,Individual II_Skin
S_550.L2S108.s.2.sequence,0.200740479,-0.065373987,Individual II_Skin
S_550.L2S109.s.2.sequence,0.178279115,0.005238267,Individual II_Skin
S_550.L2S110.s.2.sequence,0.227703441,-0.096043037,Individual II_Skin
S_550.L2S111.s.2.sequence,0.165102252,0.009516339,Individual II_Skin
S_550.L2S112.s.2.sequence,0.187221143,-0.007763135,Individual II_Skin
S_550.L2S113.s.2.sequence,0.231881076,-0.148154186,Individual II_Skin
S_550.L2S114.s.2.sequence,0.219171232,-0.136732887,Individual II_Skin
S_550.L2S115.s.2.sequence,0.218895986,-0.105361134,Individual II_Skin
S_550.L2S116.s.2.sequence,0.201523874,-0.096764,Individual II_Skin
S_550.L2S117.s.2.sequence,0.220430301,-0.158750658,Individual II_Skin
S_550.L2S118.s.2.sequence,0.215631974,-0.124929039,Individual II_Skin
S_550.L2S119.s.2.sequence,0.163401655,-0.020914144,Individual II_Skin
S_550.L2S120.s.2.sequence,0.237911959,-0.123897731,Individual II_Skin
S_550.L2S121.s.2.sequence,0.227785808,-0.094775069,Individual II_Skin
S_550.L2S122.s.2.sequence,0.201248187,-0.099892907,Individual II_Skin
S_550.L2S123.s.2.sequence,0.21110092,-0.093339041,Individual II_Skin
S_550.L2S124.s.2.sequence,0.223267169,-0.148284205,Individual II_Skin
S_550.L2S125.s.2.sequence,0.160991809,-0.04797211,Individual II_Skin
S_550.L2S126.s.2.sequence,0.195247108,-0.131301893,Individual II_Skin
S_550.L2S127.s.2.sequence,0.176299719,0.013609275,Individual II_Skin
S_550.L2S128.s.2.sequence,0.218652552,-0.138940785,Individual II_Skin
S_550.L2S129.s.2.sequence,0.221587647,-0.120483347,Individual II_Skin
S_550.L2S130.s.2.sequence,0.220337129,-0.137583104,Individual II_Skin
S_550.L2S131.s.2.sequence,0.218702173,-0.08974905,Individual II_Skin
S_550.L2S132.s.2.sequence,0.19810309,-0.004997127,Individual II_Skin
S_550.L2S133.s.2.sequence,0.162235877,-0.047987854,Individual II_Skin
S_550.L2S134.s.2.sequence,0.222434848,-0.05068419,Individual II_Skin
S_550.L2S135.s.2.sequence,0.224898836,-0.08475402,Individual II_Skin
S_550.L2S136.s.2.sequence,0.199868045,-0.052076627,Individual II_Skin
S_550.L2S137.s.2.sequence,0.209866454,-0.056757033,Individual II_Skin
S_550.L2S138.s.2.sequence,0.228375128,-0.044724712,Individual II_Skin
S_550.L2S139.s.2.sequence,0.205662684,-0.056534125,Individual II_Skin
S_550.L2S140.s.2.sequence,0.212269484,-0.060945399,Individual II_Skin
S_550.L2S141.s.2.sequence,0.141927363,-0.014918386,Individual II_Skin
S_550.L2S142.s.2.sequence,0.205114294,-0.061660214,Individual II_Skin
S_550.L2S143.s.2.sequence,0.219889872,-0.114472037,Individual II_Skin
S_550.L2S144.s.2.sequence,0.156420848,0.005171753,Individual II_Skin
S_550.L2S145.s.2.sequence,0.193799004,0.007982849,Individual II_Skin
S_550.L2S146.s.2.sequence,0.191208425,-0.018601913,Individual II_Skin
S_550.L2S147.s.2.sequence,0.230682245,-0.072588057,Individual II_Skin
S_550.L2S148.s.2.sequence,0.20125494,-0.015256874,Individual II_Skin
S_550.L2S149.s.2.sequence,0.21620208,-0.100144867,Individual II_Skin
S_550.L2S150.s.2.sequence,0.237506653,-0.10851606,Individual II_Skin
S_550.L2S151.s.2.sequence,0.235431165,-0.08612021,Individual II_Skin
S_550.L2S152.s.2.sequence,0.236182942,-0.117588145,Individual II_Skin
S_550.L2S153.s.2.sequence,0.139992735,-0.008760272,Individual II_Skin
S_550.L2S154.s.2.sequence,0.222081681,-0.10421355,Individual II_Skin
S_550.L2S155.s.2.sequence,0.226370085,-0.101282376,Individual II_Skin
S_550.L2S156.s.2.sequence,0.230667478,-0.102704948,Individual II_Skin
S_550.L2S157.s.2.sequence,0.225680326,-0.097306062,Individual II_Skin
S_550.L2S158.s.2.sequence,0.212297019,-0.079671613,Individual II_Skin
S_550.L2S159.s.2.sequence,0.219637335,-0.040552707,Individual II_Skin
S_550.L2S160.s.2.sequence,0.063815447,0.121977426,Individual II_Skin
S_550.L2S161.s.2.sequence,0.233831591,-0.091574892,Individual II_Skin
S_550.L2S162.s.2.sequence,0.20881149,-0.038927717,Individual II_Skin
S_550.L2S163.s.2.sequence,0.18511415,0.019129044,Individual II_Skin
S_550.L2S164.s.2.sequence,0.193371937,-0.105482091,Individual II_Skin
S_550.L2S165.s.2.sequence,0.213947412,-0.122217522,Individual II_Skin
S_550.L2S166.s.2.sequence,0.228958247,-0.121477714,Individual II_Skin
S_550.L2S167.s.2.sequence,0.227703972,-0.123685089,Individual II_Skin
S_550.L2S168.s.2.sequence,0.219215598,-0.075376258,Individual II_Skin
S_550.L2S169.s.2.sequence,0.153629158,-0.001981677,Individual II_Skin
S_550.L2S170.s.2.sequence,0.204009711,-0.045073418,Individual II_Skin
S_550.L2S171.s.2.sequence,0.216351912,-0.048194449,Individual II_Skin
S_550.L2S172.s.2.sequence,0.171422777,-0.013095639,Individual II_Skin
S_550.L2S173.s.2.sequence,0.200314875,-0.044697917,Individual II_Skin
S_550.L2S174.s.2.sequence,0.178155695,-0.02897519,Individual II_Skin
S_550.L2S175.s.2.sequence,0.177653171,-0.022248578,Individual II_Skin
S_550.L2S176.s.2.sequence,0.223607276,-0.088658915,Individual II_Skin
S_550.L2S178.s.2.sequence,0.155117064,0.018034862,Individual II_Skin
S_550.L2S179.s.2.sequence,0.16207569,0.020592499,Individual II_Skin
S_550.L2S180.s.2.sequence,0.201542184,-0.053165312,Individual II_Skin
S_550.L2S181.s.2.sequence,0.181626176,-0.035235626,Individual II_Skin
S_550.L2S182.s.2.sequence,0.206629092,-0.066670477,Individual II_Skin
S_550.L2S183.s.2.sequence,0.198473468,-0.024563924,Individual II_Skin
S_550.L2S184.s.2.sequence,0.198886281,-0.055886269,Individual II_Skin
S_550.L2S185.s.2.sequence,0.172868379,-0.030622214,Individual II_Skin
S_550.L2S186.s.2.sequence,0.166179144,-0.03298495,Individual II_Skin
S_550.L2S187.s.2.sequence,0.212554387,-0.076461353,Individual II_Skin
S_550.L2S188.s.2.sequence,0.232807016,-0.129712983,Individual II_Skin
S_550.L2S189.s.2.sequence,0.223569062,-0.12016137,Individual II_Skin
S_550.L2S190.s.2.sequence,0.023148392,-0.013362243,Individual II_Skin
S_550.L2S191.s.2.sequence,0.156027834,-0.078542538,Individual II_Skin
S_550.L2S193.s.2.sequence,0.013141699,0.00166181,Individual II_Skin
S_550.L2S194.s.2.sequence,0.166013867,0.015901978,Individual II_Skin
S_550.L2S195.s.2.sequence,0.206757352,-0.121799194,Individual II_Skin
S_550.L2S196.s.2.sequence,0.11273256,-0.024772761,Individual II_Skin
S_550.L2S197.s.2.sequence,0.10790169,-0.017265144,Individual II_Skin
S_550.L2S198.s.2.sequence,0.184081806,-0.015530608,Individual II_Skin
S_550.L2S199.s.2.sequence,0.10000396,-0.014817487,Individual II_Skin
S_550.L2S200.s.2.sequence,0.217472447,-0.097201596,Individual II_Skin
S_550.L2S201.s.2.sequence,0.159087269,-0.010043309,Individual II_Skin
S_550.L2S202.s.2.sequence,0.218170821,-0.118625946,Individual II_Skin
S_550.L2S203.s.2.sequence,0.214579252,-0.12537075,Individual II_Skin
S_550.L2S204.s.2.sequence,0.183946674,-0.113854595,Individual II_Skin
S_550.L2S205.s.2.sequence,0.222032252,-0.14093527,Individual II_Skin
S_550.L2S206.s.2.sequence,0.218251065,-0.062445967,Individual II_Skin
S_550.L2S207.s.2.sequence,0.225193303,-0.114744379,Individual II_Skin
S_550.L2S208.s.2.sequence,0.200399246,-0.151583366,Individual II_Skin
S_550.L2S209.s.2.sequence,0.230707743,-0.126370708,Individual II_Skin
S_550.L2S210.s.2.sequence,0.227205143,-0.085974905,Individual II_Skin
S_550.L2S211.s.2.sequence,0.207546521,-0.062914814,Individual II_Skin
S_550.L2S212.s.2.sequence,0.232701131,-0.109799361,Individual II_Skin
S_550.L2S213.s.2.sequence,0.205926641,-0.137709175,Individual II_Skin
S_550.L2S214.s.2.sequence,0.233502606,-0.116703593,Individual II_Skin
S_550.L2S215.s.2.sequence,0.209522775,-0.154202168,Individual II_Skin
S_550.L2S216.s.2.sequence,0.231381361,-0.111766127,Individual II_Skin
S_550.L2S217.s.2.sequence,0.222955956,-0.092190116,Individual II_Skin
S_550.L2S218.s.2.sequence,0.208150363,-0.041473365,Individual II_Skin
S_550.L2S219.s.2.sequence,0.227866703,-0.132743333,Individual II_Skin
S_550.L2S220.s.2.sequence,0.220894946,-0.089987439,Individual II_Skin
S_550.L2S221.s.2.sequence,0.181376219,0.001952665,Individual II_Skin
S_550.L2S222.s.2.sequence,0.196133523,-0.081733892,Individual II_Skin
S_550.L2S223.s.2.sequence,0.146332378,-0.060722836,Individual II_Skin
S_550.L2S224.s.2.sequence,0.201724366,-0.11085326,Individual II_Skin
S_550.L2S225.s.2.sequence,0.223945141,-0.116157346,Individual II_Skin
S_550.L2S226.s.2.sequence,0.215788942,-0.083277558,Individual II_Skin
S_550.L2S227.s.2.sequence,0.231240121,-0.094971515,Individual II_Skin
S_550.L2S228.s.2.sequence,0.170719591,-0.124205071,Individual II_Skin
S_550.L2S229.s.2.sequence,0.20372982,-0.066423984,Individual II_Skin
S_550.L2S230.s.2.sequence,0.202263271,-0.056820462,Individual II_Skin
S_550.L2S231.s.2.sequence,0.205349075,-0.056388094,Individual II_Skin
S_550.L2S232.s.2.sequence,0.169170584,-0.053059669,Individual II_Skin
S_550.L3S235.s.3.sequence,0.219272612,-0.095245681,Individual II_Skin
S_550.L3S236.s.3.sequence,0.214966167,-0.121384068,Individual II_Skin
S_550.L3S237.s.3.sequence,0.19675902,-0.07891942,Individual II_Skin
S_550.L3S238.s.3.sequence,0.216518904,-0.082992491,Individual II_Skin
S_550.L3S239.s.3.sequence,0.221984872,-0.123738471,Individual II_Skin
S_550.L3S240.s.3.sequence,0.216942786,-0.126344073,Individual II_Skin
S_550.L3S241.s.3.sequence,0.196506752,-0.132368771,Individual II_Skin
S_550.L3S242.s.3.sequence,-0.422731182,-0.087956438,Individual II_Skin
S_550.L3S243.s.3.sequence,0.214575075,-0.104848044,Individual II_Skin
S_550.L3S244.s.3.sequence,0.205984588,-0.102235428,Individual II_Skin
S_550.L3S245.s.3.sequence,0.227779059,-0.102684889,Individual II_Skin
S_550.L3S246.s.3.sequence,0.206167015,-0.088813082,Individual II_Skin
S_550.L3S247.s.3.sequence,0.156335505,0.026551277,Individual II_Skin
S_550.L3S248.s.3.sequence,0.220696096,-0.101274357,Individual II_Skin
S_550.L3S249.s.3.sequence,0.190349391,-0.061846409,Individual II_Skin
S_550.L3S250.s.3.sequence,0.207864258,-0.080312923,Individual II_Skin
S_550.L3S251.s.3.sequence,0.227777704,-0.149397905,Individual II_Skin
S_550.L3S252.s.3.sequence,0.196763302,-0.074005341,Individual II_Skin
S_550.L3S253.s.3.sequence,0.220834281,-0.109282435,Individual II_Skin
S_550.L3S254.s.3.sequence,0.187652184,-0.098739,Individual II_Skin
S_550.L3S255.s.3.sequence,0.222418218,-0.136026352,Individual II_Skin
S_550.L3S256.s.3.sequence,0.188170057,-0.105011322,Individual II_Skin
S_550.L3S257.s.3.sequence,0.175881519,-0.02489688,Individual II_Skin
S_550.L3S258.s.3.sequence,0.18566086,-0.053567667,Individual II_Skin
S_550.L3S259.s.3.sequence,0.17976544,-0.036032934,Individual II_Skin
S_550.L3S260.s.3.sequence,0.164628805,-0.007551658,Individual II_Skin
S_550.L3S261.s.3.sequence,0.199600047,-0.092870608,Individual II_Skin
S_550.L3S262.s.3.sequence,0.225887779,-0.13272934,Individual II_Skin
S_550.L3S263.s.3.sequence,0.183855298,-0.088174745,Individual II_Skin
S_550.L3S264.s.3.sequence,0.183407482,-0.112966146,Individual II_Skin
S_550.L3S265.s.3.sequence,0.184143994,-0.091503132,Individual II_Skin
S_550.L3S266.s.3.sequence,0.214465561,-0.125737759,Individual II_Skin
S_550.L3S267.s.3.sequence,0.222861421,-0.127249794,Individual II_Skin
S_550.L3S268.s.3.sequence,0.215990721,-0.102595745,Individual II_Skin
S_550.L3S269.s.3.sequence,0.106182344,-0.04269392,Individual II_Skin
S_550.L3S270.s.3.sequence,0.229364642,-0.118508916,Individual II_Skin
S_550.L3S271.s.3.sequence,0.207362696,-0.067444648,Individual II_Skin
S_550.L3S272.s.3.sequence,0.227618451,-0.054932859,Individual II_Skin
S_550.L3S274.s.3.sequence,0.199730407,-0.042511863,Individual II_Skin
S_550.L3S275.s.3.sequence,0.215819684,-0.066142428,Individual II_Skin
S_550.L3S276.s.3.sequence,0.230714036,-0.127152102,Individual II_Skin
S_550.L3S277.s.3.sequence,0.21855886,-0.090180356,Individual II_Skin
S_550.L3S278.s.3.sequence,0.218860161,-0.078815841,Individual II_Skin
S_550.L3S279.s.3.sequence,0.182544515,-0.039423251,Individual II_Skin
S_550.L3S280.s.3.sequence,0.20519778,-0.045803635,Individual II_Skin
S_550.L3S281.s.3.sequence,0.22401971,-0.120269688,Individual II_Skin
S_550.L3S282.s.3.sequence,0.190657677,-0.026049862,Individual II_Skin
S_550.L3S283.s.3.sequence,0.182222644,0.010202163,Individual II_Skin
S_550.L3S284.s.3.sequence,0.200495419,-0.049623583,Individual II_Skin
S_550.L3S285.s.3.sequence,0.240818699,-0.096223312,Individual II_Skin
S_550.L3S286.s.3.sequence,0.169142095,-0.102843719,Individual II_Skin
S_550.L3S287.s.3.sequence,0.218122131,-0.12068892,Individual II_Skin
S_550.L3S289.s.3.sequence,0.143937415,0.090940886,Individual II_Skin
S_550.L3S290.s.3.sequence,0.1976424,-0.047148349,Individual II_Skin
S_550.L3S291.s.3.sequence,0.219327868,-0.12242144,Individual II_Skin
S_550.L3S292.s.3.sequence,0.208128294,-0.041820845,Individual II_Skin
S_550.L3S293.s.3.sequence,0.236692103,-0.135853084,Individual II_Skin
S_550.L3S294.s.3.sequence,0.223176671,-0.151530527,Individual II_Skin
S_550.L3S295.s.3.sequence,0.232176439,-0.083011594,Individual II_Skin
S_550.L3S296.s.3.sequence,0.162474174,-0.07031413,Individual II_Skin
S_550.L3S297.s.3.sequence,0.216941405,-0.070533471,Individual II_Skin
S_550.L3S298.s.3.sequence,0.213280593,-0.025544705,Individual II_Skin
S_550.L3S299.s.3.sequence,0.178406972,-0.113374774,Individual II_Skin
S_550.L3S300.s.3.sequence,0.179473796,-0.032632989,Individual II_Skin
S_550.L3S301.s.3.sequence,0.183201782,-0.011980808,Individual II_Skin
S_550.L3S302.s.3.sequence,0.195808409,-0.100824401,Individual II_Skin
S_550.L3S303.s.3.sequence,0.231861789,-0.095320221,Individual II_Skin
S_550.L3S304.s.3.sequence,0.158223945,-0.009842604,Individual II_Skin
S_550.L3S305.s.3.sequence,0.216252759,-0.089321714,Individual II_Skin
S_550.L3S306.s.3.sequence,0.215819063,-0.084900058,Individual II_Skin
S_550.L3S307.s.3.sequence,0.17617795,-0.050214244,Individual II_Skin
S_550.L3S308.s.3.sequence,0.159990401,0.007998554,Individual II_Skin
S_550.L3S309.s.3.sequence,0.209516404,-0.052418895,Individual II_Skin
S_550.L3S310.s.3.sequence,0.108196683,-0.002227943,Individual II_Skin
S_550.L3S311.s.3.sequence,0.226356225,-0.079756729,Individual II_Skin
S_550.L3S312.s.3.sequence,0.192133653,-0.05678026,Individual II_Skin
S_550.L3S313.s.3.sequence,0.194005818,-0.06974379,Individual II_Skin
S_550.L3S314.s.3.sequence,0.222485639,-0.072925866,Individual II_Skin
S_550.L3S315.s.3.sequence,0.218494599,-0.073327104,Individual II_Skin
S_550.L3S316.s.3.sequence,0.102533573,0.047012892,Individual II_Skin
S_550.L3S317.s.3.sequence,0.195404926,-0.073770599,Individual II_Skin
S_550.L3S318.s.3.sequence,0.19294235,-0.052519759,Individual II_Skin
S_550.L3S319.s.3.sequence,0.171658339,-0.059997577,Individual II_Skin
S_550.L3S320.s.3.sequence,0.182167278,-0.085384836,Individual II_Skin
S_550.L3S321.s.3.sequence,0.226788157,-0.103339273,Individual II_Skin
S_550.L3S322.s.3.sequence,0.207129224,-0.087825113,Individual II_Skin
S_550.L3S323.s.3.sequence,0.224674461,-0.04888304,Individual II_Skin
S_550.L3S324.s.3.sequence,0.161018059,-0.031291415,Individual II_Skin
S_550.L3S325.s.3.sequence,0.234923288,-0.106549567,Individual II_Skin
S_550.L3S326.s.3.sequence,0.210715268,-0.054755284,Individual II_Skin
S_550.L3S327.s.3.sequence,0.229614555,-0.120981523,Individual II_Skin
S_550.L3S328.s.3.sequence,0.086705562,-0.024840777,Individual II_Skin
S_550.L3S329.s.3.sequence,0.182271561,-0.03838547,Individual II_Skin
S_550.L3S330.s.3.sequence,0.160740297,-0.068621736,Individual II_Skin
S_550.L3S331.s.3.sequence,0.151928135,-0.074649196,Individual II_Skin
S_550.L3S332.s.3.sequence,0.210845417,-0.096431009,Individual II_Skin
S_550.L3S333.s.3.sequence,0.116751695,-0.032203292,Individual II_Skin
S_550.L3S334.s.3.sequence,0.142089399,-0.048223954,Individual II_Skin
S_550.L3S335.s.3.sequence,0.213081312,-0.091207109,Individual II_Skin
S_550.L3S336.s.3.sequence,0.210304365,-0.042441319,Individual II_Skin
S_550.L3S337.s.3.sequence,0.196993395,-0.101048186,Individual II_Skin
S_550.L3S338.s.3.sequence,0.194884311,-0.048670231,Individual II_Skin
S_550.L3S339.s.3.sequence,0.207134372,-0.124904609,Individual II_Skin
S_550.L3S340.s.3.sequence,0.220538718,-0.108989901,Individual II_Skin
S_550.L3S341.s.3.sequence,0.173689918,-0.054301876,Individual II_Skin
S_550.L3S342.s.3.sequence,0.223459257,-0.133430109,Individual II_Skin
S_550.L3S343.s.3.sequence,0.20224297,-0.100526634,Individual II_Skin
S_550.L3S344.s.3.sequence,0.229984047,-0.066686589,Individual II_Skin
S_550.L3S345.s.3.sequence,0.219985158,-0.13464908,Individual II_Skin
S_550.L3S346.s.3.sequence,0.188858703,-0.141423448,Individual II_Skin
S_550.L3S347.s.3.sequence,0.23648454,-0.128163763,Individual II_Skin
S_550.L3S348.s.3.sequence,0.225730178,-0.073052445,Individual II_Skin
S_550.L3S349.s.3.sequence,0.197887183,-0.083076089,Individual II_Skin
S_550.L3S350.s.3.sequence,0.217066486,-0.04494997,Individual II_Skin
S_550.L3S351.s.3.sequence,0.183092184,-0.128671286,Individual II_Skin
S_550.L3S352.s.3.sequence,0.236792764,-0.130101855,Individual II_Skin
S_550.L3S353.s.3.sequence,0.138922617,-0.132620592,Individual II_Skin
S_550.L3S354.s.3.sequence,0.144861131,-0.124928592,Individual II_Skin
S_550.L3S355.s.3.sequence,0.187074101,-0.11127851,Individual II_Skin
S_550.L3S356.s.3.sequence,0.191274276,-0.018123371,Individual II_Skin
S_550.L3S357.s.3.sequence,0.228503661,-0.110003931,Individual II_Skin
S_550.L3S358.s.3.sequence,0.225077389,-0.077111558,Individual II_Skin
S_550.L3S359.s.3.sequence,0.108847513,0.071328251,Individual II_Skin
S_550.L3S360.s.3.sequence,0.205921599,-0.101968699,Individual II_Skin
S_550.L3S361.s.3.sequence,0.185680341,-0.095615947,Individual II_Skin
S_550.L3S362.s.3.sequence,0.202881202,-0.096083697,Individual II_Skin
S_550.L3S363.s.3.sequence,0.224495327,-0.11320281,Individual II_Skin
S_550.L3S364.s.3.sequence,0.21586267,-0.103905084,Individual II_Skin
S_550.L3S365.s.3.sequence,0.221983743,-0.088670021,Individual II_Skin
S_550.L3S366.s.3.sequence,0.208790734,-0.145263911,Individual II_Skin
S_550.L3S367.s.3.sequence,0.220823081,-0.049742561,Individual II_Skin
S_550.L3S368.s.3.sequence,0.202072783,-0.071364569,Individual II_Skin
S_550.L3S369.s.3.sequence,0.206232794,-0.082548665,Individual II_Skin
S_550.L3S370.s.3.sequence,0.2264013,-0.075377224,Individual II_Skin
